"Brand_Reg","Avg_mode_power"
"AIWA",19.8
"AIWA",23.55
"AIWA",24.2
"AIWA",26.3
"AIWA",28
"AIWA",28.6
"AIWA",33.1
"AIWA",33.5
"AIWA",35.2
"AIWA",36.8
"AIWA",38.16
"AIWA",38.6
"AIWA",45.69
"AIWA",46.8
"AIWA",48.76
"AIWA",51.6
"AIWA",51.78
"AIWA",57.2
"AIWA",58.95
"AIWA",60.78
"AIWA",64.6
"AIWA",65.43
"AIWA",72
"AIWA",79.06
"AIWA",82.5
"AIWA",90.1
"AIWA",90.11
"AIWA",92.39
"AIWA",92.9
"AIWA",97.1
"AIWA",98.27
"AIWA",102
"AIWA",115.94
"AIWA",134.33
"AIWA",140.89
"AIWA",149.6
"AKAI",15.1
"AKAI",18
"AKAI",23.5
"AKAI",23.8
"AKAI",25.5
"AKAI",27.14
"AKAI",35.3
"AKAI",36.26
"AKAI",36.9
"AKAI",39.9
"AKAI",40.4
"AKAI",44.2
"AKAI",54.8
"AKAI",55.35
"AKAI",56.59
"AKAI",56.7
"AKAI",59.7
"AKAI",59.84
"AKAI",68.12
"AKAI",68.5
"AKAI",68.7096
"AKAI",76.37
"AKAI",85.2
"AKAI",92.66
"AKAI",93.528
"AKAI",94.374
"AKAI",95.274
"AKAI",96.3
"AKAI",100.2
"AKAI",106.97
"AKAI",108.1
"AKAI",117.61
"AKAI",159.1
"ALTIUS",15.1
"ALTIUS",15.38
"ALTIUS",18
"ALTIUS",23.5
"ALTIUS",27.036
"AOA",15.3
"AOA",31.92
"AOA",47.23
"AOA",50.04
"AOA",73.4
"ARK",14
"AVEL INNOVATIONS",24.01
"AVEL INNOVATIONS",24.37
"AVEL INNOVATIONS",39.33
"BAUHN",14.83
"BAUHN",15.1
"BAUHN",16.17
"BAUHN",17.766
"BAUHN",25.23
"BAUHN",27.14
"BAUHN",27.2
"BAUHN",28
"BAUHN",34.7
"BAUHN",39.8
"BAUHN",40
"BAUHN",42.3
"BAUHN",44.2
"BAUHN",45.5
"BAUHN",51.2
"BAUHN",52.6
"BAUHN",56.59
"BAUHN",56.7
"BAUHN",57.06
"BAUHN",59.7
"BAUHN",68.5
"BAUHN",69.65
"BAUHN",70
"BAUHN",73.991
"BAUHN",74.9
"BAUHN",76.37
"BAUHN",80.7
"BAUHN",81.288
"BAUHN",83
"BAUHN",94.374
"BAUHN",95.274
"BAUHN",96.3
"BAUHN",97.8
"BAUHN",99.75
"BAUHN",106.97
"BAUHN",107.4
"BAUHN",108.1
"BAUHN",108.29
"BAUHN",108.294
"BAUHN",109.038
"BAUHN",110.15
"BAUHN",110.35
"BAUHN",117.61
"BAUHN",127.7
"BAUHN",128.89
"BAUHN",130.5
"BAUHN",133.54
"BAUHN",159.1
"BLAUPUNKT",16.33
"BLAUPUNKT",20.5
"BLAUPUNKT",20.94
"BLAUPUNKT",22
"BLAUPUNKT",23.28
"BLAUPUNKT",23.55
"BLAUPUNKT",24.687
"BLAUPUNKT",25
"BLAUPUNKT",25.3
"BLAUPUNKT",25.68
"BLAUPUNKT",25.92
"BLAUPUNKT",27.25
"BLAUPUNKT",28
"BLAUPUNKT",28.7
"BLAUPUNKT",31.626
"BLAUPUNKT",31.9
"BLAUPUNKT",32.8
"BLAUPUNKT",33.5
"BLAUPUNKT",34.296
"BLAUPUNKT",34.4
"BLAUPUNKT",34.48
"BLAUPUNKT",34.76
"BLAUPUNKT",35.4
"BLAUPUNKT",35.63
"BLAUPUNKT",35.8
"BLAUPUNKT",41
"BLAUPUNKT",43.9
"BLAUPUNKT",45.3
"BLAUPUNKT",46.5216
"BLAUPUNKT",47.76
"BLAUPUNKT",47.9
"BLAUPUNKT",49.1
"BLAUPUNKT",50.5
"BLAUPUNKT",50.6
"BLAUPUNKT",50.67
"BLAUPUNKT",53.38
"BLAUPUNKT",53.5
"BLAUPUNKT",54.04
"BLAUPUNKT",57.3
"BLAUPUNKT",59.75
"BLAUPUNKT",75.18
"BLAUPUNKT",78.3
"BLAUPUNKT",78.5
"BLAUPUNKT",82.2
"BLAUPUNKT",85.767
"BLAUPUNKT",86.04
"BLAUPUNKT",87.678
"BLAUPUNKT",88.8
"BLAUPUNKT",91
"BLAUPUNKT",91.788
"BLAUPUNKT",93.324
"BLAUPUNKT",94.37
"BLAUPUNKT",94.65
"BLAUPUNKT",94.96
"BLAUPUNKT",96.612
"BLAUPUNKT",97.68
"BLAUPUNKT",98.85
"BLAUPUNKT",102.36
"BLAUPUNKT",105.156
"BLAUPUNKT",108.132
"BLAUPUNKT",109
"BLAUPUNKT",112.086
"BLAUPUNKT",115.1
"BLAUPUNKT",120
"BLAUPUNKT",124.968
"BLAUPUNKT",126.93
"BLAUPUNKT",127.8
"BLAUPUNKT",128.9
"BLAUPUNKT",133.926
"BLAUPUNKT",139.758
"BLAUPUNKT",141.108
"BLAUPUNKT",143.934
"BLAUPUNKT",147.1
"BLAUPUNKT",153.11
"BLAUPUNKT",157.044
"BLAUPUNKT",158
"BLAUPUNKT",160.5
"BLAUPUNKT",186.3
"BLAUPUNKT",188.97
"BLAUPUNKT",197.27
"BLAUPUNKT",203.32
"BLAUPUNKT",204.81
"BLAUPUNKT",211.836
"BLAUPUNKT",219
"BLAUPUNKT",221.6
"BLAUPUNKT",228
"BLAUPUNKT",234.49
"BLAUPUNKT",257.2
"BLAUPUNKT",259.3
"BLAUPUNKT",270
"BLAUPUNKT",306.3
"BLAUPUNKT",350
"BROOKLYN",33.5
"CAIXUN",16.3
"CAIXUN",25.21
"CAIXUN",25.92
"CAIXUN",32
"CAIXUN",34.52
"CAIXUN",35.9
"CAIXUN",38.3
"CAIXUN",38.82
"CAIXUN",38.92
"CAIXUN",39.5
"CAIXUN",59.24
"CHIQ",20
"CHIQ",20.2
"CHIQ",22
"CHIQ",23.3
"CHIQ",24.2
"CHIQ",27.7
"CHIQ",28
"CHIQ",30
"CHIQ",35
"CHIQ",35.2
"CHIQ",36.5
"CHIQ",46.8
"CHIQ",50
"CHIQ",51
"CHIQ",52.9
"CHIQ",53.7
"CHIQ",65
"CHIQ",66.2
"CHIQ",69.9
"CHIQ",72
"CHIQ",74.4
"CHIQ",82.3
"CHIQ",86.5
"CHIQ",90.1
"CHIQ",94
"CHIQ",94.1
"CHIQ",95
"CHIQ",113
"CHIQ",123.6
"CHIQ",136.1
"CHIQ",136.6
"CHIQ",137.7
"CHIQ",138
"CHIQ",154.23
"CHIQ",156
"CHIQ",158
"CHIQ",230.268
"CHIQ",248.9
"CHIQ",299.4
"CHIQ",337
"COOCAA",24.3
"COOCAA",32.9
"COOCAA",55.3
"COOCAA",67.9
"COOCAA",68.2
"COOCAA",83.6
"COOCAA",143.6
"COOCAA",152.8
"DECAMAX",106.68
"DEVANTI",151.11
"DEVANTI",203.37
"DGTEC",20.96
"DGTEC",69.6
"DGTEC",70
"DGTEC",93.528
"DGTEC",95.274
"DGTEC",96.3
"DGTEC",108.29
"DGTEC",108.294
"DGTEC",128.89
"DIGITECH",14.89
"DIGITECH",21.64
"DIGITECH",21.71
"DIGITECH",24.52
"DIGITECH",25.17
"DIGITECH",35.04
"DYNALINK",19.8
"EKO",17.74
"EKO",18.72
"EKO",20.8
"EKO",20.94
"EKO",22
"EKO",24.687
"EKO",25
"EKO",25.92
"EKO",27.3
"EKO",28.86
"EKO",29.6
"EKO",31
"EKO",31.626
"EKO",31.784
"EKO",31.814
"EKO",31.9
"EKO",32.4
"EKO",32.8
"EKO",33.27
"EKO",34.296
"EKO",34.4
"EKO",34.47
"EKO",34.8
"EKO",35.2
"EKO",35.3
"EKO",35.8
"EKO",36.2
"EKO",36.32
"EKO",36.95
"EKO",40
"EKO",40.38
"EKO",41.5
"EKO",41.95
"EKO",43.2
"EKO",45.012
"EKO",46.5216
"EKO",47.02
"EKO",47.76
"EKO",47.9
"EKO",48.19
"EKO",48.68
"EKO",48.96
"EKO",50
"EKO",50.5
"EKO",50.6
"EKO",50.67
"EKO",51.49
"EKO",51.8
"EKO",53.12
"EKO",53.38
"EKO",53.5
"EKO",54.04
"EKO",54.48
"EKO",54.5
"EKO",54.82
"EKO",55
"EKO",55.52
"EKO",55.82
"EKO",59.75
"EKO",59.9
"EKO",66.49
"EKO",66.62
"EKO",68.2
"EKO",69.5
"EKO",70.2
"EKO",72.3
"EKO",74.74
"EKO",75.18
"EKO",76.044
"EKO",76.8
"EKO",78.5
"EKO",82
"EKO",82.242
"EKO",82.938
"EKO",84.048
"EKO",84.82
"EKO",86
"EKO",86.21
"EKO",87.2
"EKO",87.3
"EKO",87.678
"EKO",87.96
"EKO",88.8
"EKO",91.788
"EKO",91.8
"EKO",92.1
"EKO",93.324
"EKO",94.12
"EKO",94.37
"EKO",94.65
"EKO",94.96
"EKO",96.06
"EKO",96.1
"EKO",96.56
"EKO",96.612
"EKO",98.85
"EKO",100.3
"EKO",100.8
"EKO",100.9
"EKO",102
"EKO",102.36
"EKO",102.7
"EKO",102.9
"EKO",104.9
"EKO",105.8
"EKO",108.132
"EKO",108.2
"EKO",110.12
"EKO",111.39
"EKO",111.438
"EKO",112.33
"EKO",113.2
"EKO",113.9
"EKO",115.1
"EKO",115.9
"EKO",117.3
"EKO",120
"EKO",124.968
"EKO",126
"EKO",126.1
"EKO",126.96
"EKO",127.8
"EKO",128.9
"EKO",129.96
"EKO",132.27
"EKO",134.4
"EKO",137.3
"EKO",137.7
"EKO",139.54
"EKO",139.758
"EKO",141.108
"EKO",142.1
"EKO",142.18
"EKO",143.1
"EKO",143.934
"EKO",145.2
"EKO",147.1
"EKO",147.21
"EKO",153.11
"EKO",154.08
"EKO",160
"EKO",161
"EKO",161.454
"EKO",162.1
"EKO",163.1
"EKO",167.26
"EKO",171.7
"EKO",174.22
"EKO",182.3
"EKO",186.3
"EKO",189.9
"EKO",191.4
"EKO",195.75
"EKO",198
"EKO",204.42
"EKO",204.81
"EKO",206.62
"EKO",227.32
"EKO",228.91
"EKO",234.49
"EKO",259.3
"EKO",305.2
"EMETE",104.8
"EMETE",110.08
"EMETE",175.6
"EMETE",199.69
"EMETE",320
"ENGLAON",16.5
"ENGLAON",20.3
"ENGLAON",25.03
"ENGLAON",25.84
"ENGLAON",27.25
"ENGLAON",28.3
"ENGLAON",29.05
"ENGLAON",36.27
"ENGLAON",37.1
"ENGLAON",38.46
"ENGLAON",38.6
"ENGLAON",40.45
"ENGLAON",42.76
"ENGLAON",43.25
"ENGLAON",47.2
"ENGLAON",143.5
"ENGLAON",201
"FFALCON",24.1
"FFALCON",25.4
"FFALCON",27
"FFALCON",30.3
"FFALCON",35.1
"FFALCON",35.6
"FFALCON",36.7
"FFALCON",41.8
"FFALCON",42.7
"FFALCON",43.1
"FFALCON",43.6
"FFALCON",49.2
"FFALCON",49.7
"FFALCON",50
"FFALCON",50.3
"FFALCON",53
"FFALCON",58.4
"FFALCON",64.3
"FFALCON",73.5
"FFALCON",77.1
"FFALCON",77.6
"FFALCON",97.2
"FFALCON",101.1
"FFALCON",111.2
"FFALCON",123.8
"FPD",31.68
"FURRION",22
"FURRION",25.58
"FURRION",28.58
"FURRION",31.98
"GORILLA",28
"GORILLA",43
"HISENSE",22.07
"HISENSE",22.8
"HISENSE",24.82
"HISENSE",25.32
"HISENSE",25.93
"HISENSE",28.17
"HISENSE",29.07
"HISENSE",31.27
"HISENSE",32.9
"HISENSE",51.09
"HISENSE",55.02
"HISENSE",55.49
"HISENSE",57.75
"HISENSE",59.02
"HISENSE",59.47
"HISENSE",59.97
"HISENSE",61.76
"HISENSE",62
"HISENSE",64.97
"HISENSE",67.65
"HISENSE",71.19
"HISENSE",73.72
"HISENSE",75.31
"HISENSE",77.8
"HISENSE",78.58
"HISENSE",79.33
"HISENSE",79.98
"HISENSE",80.04
"HISENSE",82.05
"HISENSE",85.64
"HISENSE",87.99
"HISENSE",90.42
"HISENSE",91.26
"HISENSE",92.3
"HISENSE",92.33
"HISENSE",92.78
"HISENSE",96.71
"HISENSE",98.86
"HISENSE",99.95
"HISENSE",100.24
"HISENSE",102.3
"HISENSE",103.99
"HISENSE",104.78
"HISENSE",104.99
"HISENSE",105.58
"HISENSE",106.02
"HISENSE",107.54
"HISENSE",108.3
"HISENSE",109.65
"HISENSE",110.31
"HISENSE",110.54
"HISENSE",111.93
"HISENSE",115.68
"HISENSE",115.84
"HISENSE",115.94
"HISENSE",117.04
"HISENSE",119.45
"HISENSE",120.56
"HISENSE",122.25
"HISENSE",123.02
"HISENSE",125.66
"HISENSE",127.12
"HISENSE",129.15
"HISENSE",133.21
"HISENSE",133.75
"HISENSE",133.76
"HISENSE",137.97
"HISENSE",140.56
"HISENSE",145.91
"HISENSE",148.69
"HISENSE",151.23
"HISENSE",151.8
"HISENSE",152.07
"HISENSE",154.51
"HISENSE",154.66
"HISENSE",156.29
"HISENSE",157.47
"HISENSE",159.55
"HISENSE",161.33
"HISENSE",167.08
"HISENSE",168.67
"HISENSE",169.46
"HISENSE",169.86
"HISENSE",172.02
"HISENSE",172.13
"HISENSE",173.3
"HISENSE",175.06
"HISENSE",177.17
"HISENSE",177.41
"HISENSE",177.89
"HISENSE",181.25
"HISENSE",186.38
"HISENSE",189.93
"HISENSE",191.41
"HISENSE",194.11
"HISENSE",202.84
"HISENSE",204.59
"HISENSE",214.94
"HISENSE",217.19
"HISENSE",222.34
"HISENSE",227.42
"HISENSE",228.29
"HISENSE",238.44
"HISENSE",241.58
"HISENSE",243.11
"HISENSE",248.33
"HISENSE",252.1
"HISENSE",256.93
"HISENSE",259.29
"HISENSE",260.42
"HISENSE",262.49
"HISENSE",268.08
"HISENSE",270.3
"HISENSE",284.19
"HISENSE",303.84
"HUBBL",64.71
"HUBBL GLASS",50.73
"HUBBL GLASS",64.71
"HYUNDAI",58.81
"HYUNDAI",61.524
"HYUNDAI",71.5
"HYUNDAI",72.83
"HYUNDAI",92
"HYUNDAI",92.2
"HYUNDAI",101.54
"HYUNDAI",122.94
"HYUNDAI",130.146
"HYUNDAI",149.6
"HYUNDAI",201.04
"ILUMA",30.28
"ILUMA",32.18
"JVC",17.0946
"JVC",19.4
"JVC",24.687
"JVC",24.84
"JVC",25.26
"JVC",26
"JVC",28.86
"JVC",29.22
"JVC",31.9
"JVC",32.46
"JVC",32.7
"JVC",35
"JVC",35.3
"JVC",36.7
"JVC",36.9
"JVC",38.2
"JVC",38.4
"JVC",39
"JVC",39.24
"JVC",47.04
"JVC",47.5
"JVC",48.76
"JVC",49.21
"JVC",49.6
"JVC",49.98
"JVC",53.26
"JVC",54.48
"JVC",54.9
"JVC",55.635
"JVC",56.97
"JVC",57.474
"JVC",57.6
"JVC",58
"JVC",58.7
"JVC",60.62
"JVC",60.73
"JVC",60.78
"JVC",60.9
"JVC",61.38
"JVC",63.9
"JVC",63.94
"JVC",64.06
"JVC",65.9
"JVC",66.42
"JVC",72.4
"JVC",73
"JVC",73.9
"JVC",74.7
"JVC",75.48
"JVC",76.8
"JVC",84.4
"JVC",86.3
"JVC",87.3
"JVC",91.7
"JVC",93
"JVC",95.2
"JVC",97.36
"JVC",97.7
"JVC",100.2
"JVC",101.98
"JVC",102
"JVC",102.36
"JVC",104.2
"JVC",105.8
"JVC",105.96
"JVC",106.02
"JVC",106.68
"JVC",107.58
"JVC",107.6
"JVC",110.72
"JVC",112.38
"JVC",112.52
"JVC",114.8
"JVC",116.74
"JVC",117.5
"JVC",124.968
"JVC",126
"JVC",126.52
"JVC",134.4
"JVC",136.3
"JVC",137.2
"JVC",141.1
"JVC",156.42
"JVC",160
"JVC",175.4
"JVC",189.3
"JVC",212
"JVC",221.6
"JVC",237.4
"JVC",237.5
"JVC",295.9
"KODAK",23.5
"KODAK",39.9
"KODAK",69.64
"KODAK",94.65
"KODAK",95.274
"KOGAN",15.8694
"KOGAN",15.8718
"KOGAN",16.1448
"KOGAN",16.2
"KOGAN",17.1498
"KOGAN",17.74
"KOGAN",18
"KOGAN",18.4
"KOGAN",19.2
"KOGAN",20.83
"KOGAN",22
"KOGAN",22.1
"KOGAN",22.3
"KOGAN",22.9
"KOGAN",23
"KOGAN",23.98
"KOGAN",24.61
"KOGAN",25.2
"KOGAN",25.23
"KOGAN",25.3
"KOGAN",25.83
"KOGAN",25.92
"KOGAN",26.4498
"KOGAN",27.1
"KOGAN",27.7
"KOGAN",28
"KOGAN",28.86
"KOGAN",31.8
"KOGAN",31.84
"KOGAN",34.52
"KOGAN",34.7106
"KOGAN",35.2
"KOGAN",36.5
"KOGAN",37.86
"KOGAN",39.24
"KOGAN",39.8
"KOGAN",40
"KOGAN",40.4
"KOGAN",40.7
"KOGAN",41.38
"KOGAN",44.2
"KOGAN",47.23
"KOGAN",47.3
"KOGAN",50.6
"KOGAN",51.44
"KOGAN",52.9
"KOGAN",53.64
"KOGAN",54.39
"KOGAN",54.48
"KOGAN",55
"KOGAN",56.9
"KOGAN",60.48
"KOGAN",63.12
"KOGAN",65
"KOGAN",65.21
"KOGAN",65.43
"KOGAN",66.3
"KOGAN",66.4
"KOGAN",66.8
"KOGAN",68.9
"KOGAN",69.15
"KOGAN",69.4
"KOGAN",70.8
"KOGAN",71.24
"KOGAN",73.6
"KOGAN",75
"KOGAN",77
"KOGAN",77.8
"KOGAN",78.8
"KOGAN",80.1
"KOGAN",80.2
"KOGAN",80.3
"KOGAN",80.814
"KOGAN",83
"KOGAN",86.9
"KOGAN",87.66
"KOGAN",88.3
"KOGAN",90
"KOGAN",90.1
"KOGAN",91.4
"KOGAN",92
"KOGAN",92.8
"KOGAN",92.9
"KOGAN",93.2
"KOGAN",94.01
"KOGAN",94.14
"KOGAN",94.2
"KOGAN",96.66
"KOGAN",99.42
"KOGAN",99.95
"KOGAN",101.23
"KOGAN",101.3
"KOGAN",102
"KOGAN",102.2
"KOGAN",102.9
"KOGAN",104
"KOGAN",104.46
"KOGAN",105.84
"KOGAN",106.2
"KOGAN",108.4
"KOGAN",109.1
"KOGAN",109.19
"KOGAN",109.4
"KOGAN",110
"KOGAN",110.3
"KOGAN",110.95
"KOGAN",111.7
"KOGAN",112.7
"KOGAN",113
"KOGAN",113.4
"KOGAN",115
"KOGAN",120.1
"KOGAN",122
"KOGAN",127.86
"KOGAN",129.3
"KOGAN",130.8
"KOGAN",131.1
"KOGAN",131.3
"KOGAN",133
"KOGAN",134.93
"KOGAN",135.48
"KOGAN",135.9
"KOGAN",136.1
"KOGAN",137.1
"KOGAN",138.82
"KOGAN",139.61
"KOGAN",140.1
"KOGAN",142.43
"KOGAN",144.2
"KOGAN",144.5
"KOGAN",145.4
"KOGAN",146
"KOGAN",147.44
"KOGAN",150.64
"KOGAN",154.03
"KOGAN",156
"KOGAN",157.32
"KOGAN",158
"KOGAN",159.15
"KOGAN",159.6
"KOGAN",162.79
"KOGAN",171
"KOGAN",172.1
"KOGAN",180
"KOGAN",180.8
"KOGAN",182
"KOGAN",182.3
"KOGAN",187.1
"KOGAN",193.1
"KOGAN",195.5
"KOGAN",208.5
"KOGAN",208.8
"KOGAN",216.3
"KOGAN",226.38
"KOGAN",248.3
"KOGAN",250.7
"KOGAN",254.9
"KOGAN",260.1
"KOGAN",266
"KOGAN",280.55
"KOGAN",292.93
"KOGAN",297.5
"KOGAN",298.5
"KOGAN",321.3
"KOGAN",323
"KOGAN",337
"KOGAN",379.07
"KOGAN",446.3
"KONIC",27.42
"KONIC",31.2
"KONIC",34.67
"KONIC",34.8
"KONIC",43.6
"KONIC",46.11
"KONIC",46.6632
"KONIC",46.99
"KONIC",57.97
"KONIC",88.8
"KONIC",93.1
"KONIC",100.78
"KONIC",117.3
"KONIC",122.59
"KONIC",153.24
"KONIC",200.76
"KONKA",29.55
"KONKA",31.1544
"KONKA",31.51
"KONKA",32.247
"KONKA",33.4
"KONKA",36.91
"KONKA",44.91
"KONKA",44.99
"KONKA",46.1
"KONKA",60.564
"KONKA",70.7
"KONKA",71.99
"KONKA",72.19
"KONKA",75.43
"KONKA",82.11
"KONKA",86.23
"KONKA",86.54
"KONKA",88.74
"KONKA",89.1
"KONKA",92.33
"KONKA",107.6
"KONKA",114.354
"KONKA",119.01
"KONKA",122.64
"KONKA",137.7
"KONKA",161.64
"LG",24
"LG",25.5
"LG",30
"LG",33
"LG",36
"LG",40
"LG",43
"LG",45
"LG",46
"LG",49
"LG",53
"LG",54
"LG",55
"LG",56
"LG",59
"LG",62
"LG",63
"LG",64
"LG",65
"LG",65.9
"LG",66
"LG",67
"LG",68
"LG",69
"LG",70
"LG",72
"LG",73
"LG",74
"LG",75
"LG",76
"LG",77
"LG",78
"LG",79
"LG",80
"LG",81
"LG",82
"LG",83
"LG",84
"LG",86
"LG",87
"LG",88
"LG",90
"LG",91
"LG",92
"LG",93
"LG",94
"LG",95
"LG",96
"LG",97
"LG",98
"LG",99
"LG",100
"LG",101
"LG",102
"LG",103
"LG",105
"LG",106
"LG",107
"LG",109
"LG",112
"LG",113
"LG",114
"LG",115
"LG",118
"LG",120
"LG",121
"LG",122
"LG",124
"LG",125
"LG",126
"LG",127
"LG",130
"LG",132
"LG",134
"LG",135
"LG",136.9
"LG",137
"LG",138
"LG",140
"LG",143
"LG",144
"LG",145
"LG",147
"LG",148
"LG",150
"LG",151
"LG",152
"LG",153
"LG",154
"LG",155
"LG",156
"LG",158
"LG",159.1
"LG",160
"LG",162
"LG",163
"LG",164
"LG",165
"LG",169
"LG",171
"LG",172
"LG",178
"LG",179
"LG",180
"LG",181
"LG",182
"LG",184
"LG",187
"LG",189
"LG",190.2
"LG",192
"LG",193
"LG",195
"LG",196
"LG",198
"LG",200
"LG",206
"LG",212
"LG",214
"LG",216
"LG",217
"LG",219
"LG",220
"LG",225.8
"LG",228
"LG",232
"LG",238
"LG",241
"LG",242
"LG",244
"LG",245.5
"LG",247
"LG",250
"LG",253
"LG",258
"LG",260
"LG",262
"LG",320
"LG",328
"LG",349
"LG",350
"LG",354.9
"LINSAR",15.1
"LINSAR",15.38
"LINSAR",15.85
"LINSAR",15.87
"LINSAR",17.766
"LINSAR",23.8
"LINSAR",26.7
"LINSAR",27.036
"LINSAR",27.1
"LINSAR",28.2
"LINSAR",38.946
"LINSAR",44.6
"LINSAR",53.8
"LINSAR",56.7
"LINSAR",57.06
"LINSAR",59.7
"LINSAR",62.5
"LINSAR",68.5
"LINSAR",69.65
"LINSAR",81.288
"LINSAR",85.2
"LINSAR",85.97
"LINSAR",86.09
"LINSAR",92.66
"LINSAR",94.374
"LINSAR",95.274
"LINSAR",95.92
"LINSAR",96.3
"LINSAR",99.18
"LINSAR",107.4
"LINSAR",108.1
"LINSAR",108.29
"LINSAR",108.294
"LINSAR",111.08
"LINSAR",127.7
"LINSAR",159
"LINSAR",159.1
"LINSAR",163.7
"LINSAR",168.2
"LINSAR",169.97
"LINSAR",170.6
"LINSAR",214.416
"LOEWE",34
"LOEWE",52
"LOEWE",58
"LOEWE",61
"LOEWE",65.8
"LOEWE",68
"LOEWE",70
"LOEWE",74.4
"LOEWE",76.5
"LOEWE",84
"LOEWE",85
"LOEWE",96.5
"LOEWE",98
"LOEWE",107.8
"LOEWE",114
"LOEWE",135
"LOEWE",220
"LSP TV",16.1569
"METZ",27.2
"METZ",28.2
"METZ",90.1
"METZ",103.3
"METZ",113.4
"METZ",139.4
"METZ",214.72
"MONSTER",15.1
"MONSTER",15.38
"MONSTER",15.87
"MONSTER",23.5
"MYVI",20.12
"MYVI",21.96
"MYVI",24.2
"PALSONIC",105.43
"PANASONIC",21.68
"PANASONIC",23.298
"PANASONIC",28.33
"PANASONIC",35.598
"PANASONIC",35.67
"PANASONIC",38.85
"PANASONIC",42.804
"PANASONIC",51.888
"PANASONIC",54.39
"PANASONIC",55.9
"PANASONIC",56
"PANASONIC",60
"PANASONIC",62.358
"PANASONIC",64.17
"PANASONIC",72.6
"PANASONIC",72.7
"PANASONIC",73
"PANASONIC",73.9
"PANASONIC",75
"PANASONIC",75.576
"PANASONIC",76.53
"PANASONIC",77
"PANASONIC",77.67
"PANASONIC",78
"PANASONIC",78.3
"PANASONIC",80.28
"PANASONIC",81
"PANASONIC",83.4
"PANASONIC",83.91
"PANASONIC",84
"PANASONIC",87
"PANASONIC",91.87
"PANASONIC",93.25
"PANASONIC",93.65
"PANASONIC",95
"PANASONIC",95.8
"PANASONIC",96
"PANASONIC",97.96
"PANASONIC",98
"PANASONIC",98.826
"PANASONIC",99
"PANASONIC",100.68
"PANASONIC",101.9
"PANASONIC",102.546
"PANASONIC",102.6
"PANASONIC",103
"PANASONIC",106
"PANASONIC",107
"PANASONIC",107.18
"PANASONIC",109.77
"PANASONIC",111.9
"PANASONIC",113.136
"PANASONIC",118.27
"PANASONIC",119.346
"PANASONIC",120.81
"PANASONIC",121
"PANASONIC",122
"PANASONIC",124
"PANASONIC",125
"PANASONIC",125.64
"PANASONIC",132
"PANASONIC",133
"PANASONIC",136.8
"PANASONIC",140
"PANASONIC",146
"PANASONIC",159.72
"PANASONIC",160.3
"PANASONIC",160.49
"PANASONIC",170
"PANASONIC",183
"PANASONIC",187
"PHILIPS",10
"PHILIPS",14.61
"PHILIPS",15.12
"PHILIPS",16.9
"PHILIPS",17.38
"PHILIPS",20.2
"PHILIPS",24.7
"PHILIPS",24.9
"PHILIPS",25.7
"PHILIPS",27.83
"PHILIPS",32.5
"PHILIPS",35.47
"PHILIPS",35.8
"PHILIPS",38
"PHILIPS",41.5
"PHILIPS",41.6
"PHILIPS",41.94
"PHILIPS",43.23
"PHILIPS",47.37
"PHILIPS",47.5
"PHILIPS",50.44
"PHILIPS",51.04
"PHILIPS",52.1
"PHILIPS",53.2
"PHILIPS",54.84
"PHILIPS",55.81
"PHILIPS",57
"PHILIPS",57.79
"PHILIPS",61.2
"PHILIPS",61.3
"PHILIPS",62.33
"PHILIPS",64.01
"PHILIPS",66.6
"PHILIPS",67.5
"PHILIPS",70.4
"PHILIPS",70.66
"PHILIPS",72.57
"PHILIPS",72.81
"PHILIPS",76.6
"PHILIPS",78.97
"PHILIPS",79.3
"PHILIPS",79.65
"PHILIPS",80.8
"PHILIPS",81.3
"PHILIPS",81.32
"PHILIPS",82.7
"PHILIPS",90.5
"PHILIPS",91.5
"PHILIPS",93.12
"PHILIPS",94.36
"PHILIPS",94.43
"PHILIPS",94.45
"PHILIPS",96
"PHILIPS",97
"PHILIPS",99.1
"PHILIPS",99.2
"PHILIPS",99.5
"PHILIPS",99.7
"PHILIPS",101.3
"PHILIPS",102.3
"PHILIPS",105
"PHILIPS",105.46
"PHILIPS",109.86
"PHILIPS",111.72
"PHILIPS",114.6
"PHILIPS",114.8
"PHILIPS",115
"PHILIPS",116.25
"PHILIPS",119.3
"PHILIPS",120
"PHILIPS",122
"PHILIPS",122.5
"PHILIPS",127.69
"PHILIPS",128.4
"PHILIPS",129.8
"PHILIPS",131.3
"PHILIPS",136.1
"PHILIPS",136.6
"PHILIPS",140.3
"PHILIPS",142.4
"PHILIPS",144.1
"PHILIPS",146.3
"PHILIPS",148
"PHILIPS",153.1
"PHILIPS",162
"PHILIPS",168
"PHILIPS",169.26
"PHILIPS",175.9
"PHILIPS",180
"PHILIPS",188.5
"PHILIPS",195
"PHILIPS",203.5
"PHILIPS",205.62
"PHILIPS",231
"PHILIPS",251.06
"PHILIPS",287.2
"POLAROID",18
"POLAROID",23.798
"POLAROID",25.5
"POLAROID",26.7
"POLAROID",27.1
"POLAROID",40
"POLAROID",54.8
"POLAROID",68.98
"POLAROID",77.2
"POLAROID",93
"POLAROID",94.65
"POLAROID",95.274
"POLAROID",108.294
"PRISM+",73.254
"PRISM+",79.3
"PRISM+",93.43
"PRISM+",102.1
"PRISM+",110.448
"PRISM+",111.6
"PRISM+",140.4
"PRISM+",165.8
"Q.BELL",34.8
"Q.BELL",83.3
"QBELL",35.3
"QBELL",51.3
"QBELL",67.76
"QBELL",76.8
"QBELL",82
"QBELL",92.1
"QBELL",94.37
"QBELL",108.02
"QBELL",128.9
"QBELL",147.1
"RCA",23.89
"S VISION",103.3
"SAMSUNG",21
"SAMSUNG",36
"SAMSUNG",49
"SAMSUNG",58
"SAMSUNG",62
"SAMSUNG",66
"SAMSUNG",67
"SAMSUNG",68
"SAMSUNG",70
"SAMSUNG",71
"SAMSUNG",73
"SAMSUNG",75
"SAMSUNG",77
"SAMSUNG",78
"SAMSUNG",79
"SAMSUNG",81
"SAMSUNG",84
"SAMSUNG",92
"SAMSUNG",95
"SAMSUNG",100
"SAMSUNG",103
"SAMSUNG",104
"SAMSUNG",107
"SAMSUNG",109
"SAMSUNG",110
"SAMSUNG",111
"SAMSUNG",112
"SAMSUNG",113
"SAMSUNG",117
"SAMSUNG",118
"SAMSUNG",122
"SAMSUNG",129
"SAMSUNG",131
"SAMSUNG",134
"SAMSUNG",136
"SAMSUNG",137
"SAMSUNG",138
"SAMSUNG",140
"SAMSUNG",141
"SAMSUNG",142
"SAMSUNG",143
"SAMSUNG",145
"SAMSUNG",146
"SAMSUNG",151
"SAMSUNG",152
"SAMSUNG",153
"SAMSUNG",154
"SAMSUNG",156
"SAMSUNG",164
"SAMSUNG",166
"SAMSUNG",174
"SAMSUNG",178
"SAMSUNG",181
"SAMSUNG",186
"SAMSUNG",187
"SAMSUNG",189
"SAMSUNG",196
"SAMSUNG",199
"SAMSUNG",204
"SAMSUNG",211
"SAMSUNG",216
"SAMSUNG",220
"SAMSUNG",242
"SAMSUNG",248
"SAMSUNG",259
"SAMSUNG",271
"SAMSUNG",282
"SAMSUNG",285
"SAMSUNG",286
"SAMSUNG",293
"SAMSUNG",330
"SAMSUNG",358
"SAMSUNG",360
"SAMSUNG",428
"SAMSUNG",464
"SAMSUNG ELECTRONICS",31
"SAMSUNG ELECTRONICS",39
"SAMSUNG ELECTRONICS",43
"SAMSUNG ELECTRONICS",59
"SAMSUNG ELECTRONICS",63
"SAMSUNG ELECTRONICS",64
"SAMSUNG ELECTRONICS",66
"SAMSUNG ELECTRONICS",68
"SAMSUNG ELECTRONICS",69
"SAMSUNG ELECTRONICS",70
"SAMSUNG ELECTRONICS",71
"SAMSUNG ELECTRONICS",72
"SAMSUNG ELECTRONICS",73
"SAMSUNG ELECTRONICS",74
"SAMSUNG ELECTRONICS",76
"SAMSUNG ELECTRONICS",77
"SAMSUNG ELECTRONICS",78
"SAMSUNG ELECTRONICS",79
"SAMSUNG ELECTRONICS",80
"SAMSUNG ELECTRONICS",81
"SAMSUNG ELECTRONICS",82
"SAMSUNG ELECTRONICS",83
"SAMSUNG ELECTRONICS",84
"SAMSUNG ELECTRONICS",85
"SAMSUNG ELECTRONICS",86
"SAMSUNG ELECTRONICS",87
"SAMSUNG ELECTRONICS",88
"SAMSUNG ELECTRONICS",89
"SAMSUNG ELECTRONICS",91
"SAMSUNG ELECTRONICS",92
"SAMSUNG ELECTRONICS",93
"SAMSUNG ELECTRONICS",94
"SAMSUNG ELECTRONICS",96
"SAMSUNG ELECTRONICS",97
"SAMSUNG ELECTRONICS",98
"SAMSUNG ELECTRONICS",99
"SAMSUNG ELECTRONICS",102
"SAMSUNG ELECTRONICS",103
"SAMSUNG ELECTRONICS",104
"SAMSUNG ELECTRONICS",107
"SAMSUNG ELECTRONICS",108
"SAMSUNG ELECTRONICS",109
"SAMSUNG ELECTRONICS",110
"SAMSUNG ELECTRONICS",111
"SAMSUNG ELECTRONICS",112
"SAMSUNG ELECTRONICS",113
"SAMSUNG ELECTRONICS",114
"SAMSUNG ELECTRONICS",116
"SAMSUNG ELECTRONICS",117
"SAMSUNG ELECTRONICS",119
"SAMSUNG ELECTRONICS",122
"SAMSUNG ELECTRONICS",123
"SAMSUNG ELECTRONICS",124
"SAMSUNG ELECTRONICS",125
"SAMSUNG ELECTRONICS",126
"SAMSUNG ELECTRONICS",128
"SAMSUNG ELECTRONICS",130
"SAMSUNG ELECTRONICS",132
"SAMSUNG ELECTRONICS",134
"SAMSUNG ELECTRONICS",135
"SAMSUNG ELECTRONICS",136
"SAMSUNG ELECTRONICS",137
"SAMSUNG ELECTRONICS",138
"SAMSUNG ELECTRONICS",139
"SAMSUNG ELECTRONICS",140
"SAMSUNG ELECTRONICS",142
"SAMSUNG ELECTRONICS",143
"SAMSUNG ELECTRONICS",144
"SAMSUNG ELECTRONICS",145
"SAMSUNG ELECTRONICS",146
"SAMSUNG ELECTRONICS",147
"SAMSUNG ELECTRONICS",148
"SAMSUNG ELECTRONICS",150
"SAMSUNG ELECTRONICS",153
"SAMSUNG ELECTRONICS",154
"SAMSUNG ELECTRONICS",155
"SAMSUNG ELECTRONICS",157
"SAMSUNG ELECTRONICS",158
"SAMSUNG ELECTRONICS",162
"SAMSUNG ELECTRONICS",163
"SAMSUNG ELECTRONICS",165
"SAMSUNG ELECTRONICS",167
"SAMSUNG ELECTRONICS",168
"SAMSUNG ELECTRONICS",172
"SAMSUNG ELECTRONICS",173
"SAMSUNG ELECTRONICS",175
"SAMSUNG ELECTRONICS",176
"SAMSUNG ELECTRONICS",178
"SAMSUNG ELECTRONICS",183
"SAMSUNG ELECTRONICS",186
"SAMSUNG ELECTRONICS",187
"SAMSUNG ELECTRONICS",190
"SAMSUNG ELECTRONICS",192
"SAMSUNG ELECTRONICS",194
"SAMSUNG ELECTRONICS",195
"SAMSUNG ELECTRONICS",198
"SAMSUNG ELECTRONICS",199
"SAMSUNG ELECTRONICS",200
"SAMSUNG ELECTRONICS",202
"SAMSUNG ELECTRONICS",203
"SAMSUNG ELECTRONICS",205
"SAMSUNG ELECTRONICS",206
"SAMSUNG ELECTRONICS",211
"SAMSUNG ELECTRONICS",212
"SAMSUNG ELECTRONICS",213
"SAMSUNG ELECTRONICS",214
"SAMSUNG ELECTRONICS",215
"SAMSUNG ELECTRONICS",216
"SAMSUNG ELECTRONICS",217
"SAMSUNG ELECTRONICS",220
"SAMSUNG ELECTRONICS",223
"SAMSUNG ELECTRONICS",225
"SAMSUNG ELECTRONICS",237
"SAMSUNG ELECTRONICS",242
"SAMSUNG ELECTRONICS",245
"SAMSUNG ELECTRONICS",247
"SAMSUNG ELECTRONICS",250
"SAMSUNG ELECTRONICS",256
"SAMSUNG ELECTRONICS",258
"SAMSUNG ELECTRONICS",259
"SAMSUNG ELECTRONICS",260
"SAMSUNG ELECTRONICS",262
"SAMSUNG ELECTRONICS",263
"SAMSUNG ELECTRONICS",267
"SAMSUNG ELECTRONICS",269
"SAMSUNG ELECTRONICS",271
"SAMSUNG ELECTRONICS",273
"SAMSUNG ELECTRONICS",280
"SAMSUNG ELECTRONICS",286
"SAMSUNG ELECTRONICS",289
"SAMSUNG ELECTRONICS",292
"SAMSUNG ELECTRONICS",294
"SAMSUNG ELECTRONICS",297
"SAMSUNG ELECTRONICS",303
"SAMSUNG ELECTRONICS",304
"SAMSUNG ELECTRONICS",306
"SAMSUNG ELECTRONICS",308
"SAMSUNG ELECTRONICS",310
"SAMSUNG ELECTRONICS",322
"SAMSUNG ELECTRONICS",332
"SAMSUNG ELECTRONICS",336
"SAMSUNG ELECTRONICS",337
"SAMSUNG ELECTRONICS",338
"SAMSUNG ELECTRONICS",339
"SAMSUNG ELECTRONICS",340
"SAMSUNG ELECTRONICS",373
"SAMSUNG ELECTRONICS",389
"SAMSUNG ELECTRONICS",395
"SAMSUNG ELECTRONICS",396
"SAMSUNG ELECTRONICS",438
"SAMSUNG ELECTRONICS",439
"SAMSUNG ELECTRONICS",440
"SHARETV",28.1
"SHARP",29.15
"SHARP",33.52
"SHARP",47.72
"SHARP",53
"SHARP",84.4
"SHARP",123.94
"SHARP",128.8
"SHARP",137
"SHARP",138
"SHARP",157.82
"SHARP",178
"SHENZHEN XINCHAODA TECHNOLOGY CO., LTD",98.45
"SHENZHEN XINCHAODA TECHNOLOGY CO., LTD",100.64
"SHENZHEN XINCHAODA TECHNOLOGY CO., LTD",103.61
"SHENZHEN XINCHAODA TECHNOLOGY CO., LTD",109.48
"SIGNIFY",98.268
"SKYWORTH",16.33
"SKYWORTH",32.3
"SKYWORTH",32.4
"SKYWORTH",36.6
"SKYWORTH",54.9
"SKYWORTH",64.3
"SKYWORTH",64.6
"SKYWORTH",69.3
"SKYWORTH",71.1
"SKYWORTH",78.8
"SKYWORTH",111.6
"SKYWORTH",118.6
"SKYWORTH",121.6
"SKYWORTH",147.3
"SKYWORTH",181.9
"SKYWORTH",214.72
"SMARTTECH",25.8
"SMARTTECH",35.9
"SMARTTECH",50.6
"SMARTTECH",53.64
"SMARTTECH",99.95
"SMTV",50.909
"SMTV",94.22
"SMTV",108.56
"SONIQ",46.6
"SONIQ",92.076
"SONIQ",132.4
"SONY",34.7
"SONY",63.2
"SONY",68
"SONY",70
"SONY",76.9
"SONY",77.5
"SONY",78.8
"SONY",83.3
"SONY",84
"SONY",91.6
"SONY",93.6
"SONY",93.8
"SONY",100
"SONY",101.4
"SONY",102.9
"SONY",103.6
"SONY",103.7
"SONY",107
"SONY",111.8
"SONY",112.6
"SONY",117.9
"SONY",118.7
"SONY",119
"SONY",121
"SONY",121.1
"SONY",122
"SONY",122.1
"SONY",126.2
"SONY",126.7
"SONY",129.1
"SONY",129.6
"SONY",130.7
"SONY",136
"SONY",136.6
"SONY",140
"SONY",143.6
"SONY",144.3
"SONY",144.6
"SONY",147.1
"SONY",147.6
"SONY",147.7
"SONY",148
"SONY",149.2
"SONY",149.8
"SONY",150.7
"SONY",152.2
"SONY",158.9
"SONY",159.3
"SONY",169.7
"SONY",171.9
"SONY",173
"SONY",179.2
"SONY",179.5
"SONY",181.1
"SONY",187.3
"SONY",187.9
"SONY",191.3
"SONY",193.3
"SONY",195.4
"SONY",198.1
"SONY",200.3
"SONY",201.6
"SONY",206
"SONY",207
"SONY",214.5
"SONY",214.8
"SONY",216.9
"SONY",221
"SONY",224.4
"SONY",226
"SONY",227.9
"SONY",229.8
"SONY",235.8
"SONY",237.7
"SONY",238.4
"SONY",238.7
"SONY",239.8
"SONY",242
"SONY",242.5
"SONY",256.4
"SONY",272.5
"SONY",280.7
"SONY",292
"SONY",356.4
"SONY",412
"SPARK ELECTRONICS",114.75
"SPARK ELECTRONICS",127.74
"SPARK ELECTRONICS",158.28
"SPARK ELECTRONICS",240.9
"SPARK ELECTRONICS",252.5
"SPARK ELECTRONICS",340.8
"SPARK ELECTRONICS",482.4
"SPHERE",17.74
"SPHERE",19.64
"SPHERE",24.6
"SPHERE",24.81
"SPHERE",26.67
"STAN CASH",16.1569
"SVISION",28.86
"SVISION",34.4
"SVISION",40.1
"SVISION",43
"SVISION",47.9
"SVISION",85.767
"SYLVOX",14.7
"SYLVOX",15.1
"SYLVOX",15.3
"SYLVOX",17.14
"SYLVOX",17.8
"SYLVOX",21
"SYLVOX",24.48
"SYLVOX",27
"SYLVOX",31.4
"SYLVOX",51.03
"SYLVOX",51.6354
"SYLVOX",65.5236
"SYLVOX",67.434
"SYLVOX",71.3472
"SYLVOX",79.95
"SYLVOX",90.0792
"SYLVOX",90.1488
"SYLVOX",93.012
"SYLVOX",101.358
"SYLVOX",103.59
"SYLVOX",104.68002
"SYLVOX",107.8
"SYLVOX",119.9244
"SYLVOX",124.536
"SYLVOX",130.692
"SYLVOX",134.5602
"SYLVOX",168.3
"SYLVOX",237.1
"SYLVOX",306.7
"TAVICE",130.03
"TCL",25.4
"TCL",27
"TCL",30.3
"TCL",35.6
"TCL",41.8
"TCL",47.1
"TCL",49.7
"TCL",50.5
"TCL",52.3
"TCL",53.5
"TCL",54
"TCL",55.5
"TCL",56.1
"TCL",58.2
"TCL",58.4
"TCL",60.2
"TCL",68.4
"TCL",69.8
"TCL",74.3
"TCL",74.4
"TCL",75
"TCL",75.2
"TCL",76
"TCL",86.5
"TCL",86.9
"TCL",87.6
"TCL",89.1
"TCL",90.7
"TCL",91.4
"TCL",97.8
"TCL",99
"TCL",103.5
"TCL",104.7
"TCL",105.7
"TCL",106
"TCL",106.6
"TCL",107.4
"TCL",108.5
"TCL",113.6
"TCL",113.8
"TCL",115
"TCL",115.4
"TCL",119.8
"TCL",122
"TCL",123.8
"TCL",128.1
"TCL",128.9
"TCL",134.4
"TCL",134.6
"TCL",139.5
"TCL",140
"TCL",143.6
"TCL",148.2
"TCL",148.6
"TCL",152.2
"TCL",160.8
"TCL",164
"TCL",165.5
"TCL",165.6
"TCL",171.2
"TCL",174.4
"TCL",174.7
"TCL",175.2
"TCL",175.3
"TCL",176.1
"TCL",180.5
"TCL",182.7
"TCL",186.5
"TCL",190
"TCL",191
"TCL",191.2
"TCL",197.4
"TCL",201
"TCL",208.1
"TCL",208.3
"TCL",212.4
"TCL",223.7
"TCL",226
"TCL",239.2
"TCL",248.6
"TCL",278.5
"TCL",280
"TCL",281
"TCL",306
"TCL",313.1
"TCL",408.9
"TCL",440.5
"TCL",600
"TEAC",19.6
"TEAC",22.2
"TEAC",25.8
"TEAC",33.3
"TEAC",50.6
"TEAC",53.64
"TEAC",99.95
"TEAC",149.34
"TEAC",201.04
"TECO",16.2
"TECO",17.48
"TECO",18.47
"TECO",26.3
"TECO",35.6
"TECO",52.9
"TECO",86.5
"TECO",94
"TECO",135.9
"TELEFUNKEN",28.7
"TELEFUNKEN",32.5
"TELEFUNKEN",38.12
"TELEFUNKEN",43.5
"TELEFUNKEN",55.52
"TELEFUNKEN",103
"TENET",15.3
"THOMSON",41.53
"THOMSON",49.14
"TOSHIBA",24.17
"TOSHIBA",33.62
"TOSHIBA",50.56
"TOSHIBA",51.12
"TOSHIBA",54.86
"TOSHIBA",59.91
"TOSHIBA",61.1
"TOSHIBA",63.29
"TOSHIBA",63.45
"TOSHIBA",63.7
"TOSHIBA",63.89
"TOSHIBA",66.16
"TOSHIBA",67.75
"TOSHIBA",75.21
"TOSHIBA",81.08
"TOSHIBA",81.49
"TOSHIBA",82.49
"TOSHIBA",86.66
"TOSHIBA",87.19
"TOSHIBA",89.74
"TOSHIBA",95.06
"TOSHIBA",103.48
"TOSHIBA",105.39
"TOSHIBA",106.46
"TOSHIBA",107.27
"TOSHIBA",114.36
"TOSHIBA",115.82
"TOSHIBA",117.13
"TOSHIBA",121.59
"TOSHIBA",128.56
"TOSHIBA",129.47
"TOSHIBA",131.33
"TOSHIBA",132.81
"TOSHIBA",137.3
"TOSHIBA",144.63
"TOSHIBA",150.59
"TOSHIBA",155.84
"TOSHIBA",157.4
"TOSHIBA",167.13
"TOSHIBA",169.46
"TOSHIBA",171.81
"TOSHIBA",199.04
"TOSHIBA",236.68
"TOSHIBA",240.73
"TOSHIBA",264.81
"VDT",20.64
"VEON",22.6
"VEON",28
"VEON",31.78
"VEON",40.25
"VEON",47.3
"VEON",54.9
"VEON",57.65
"VEON",57.9
"VEON",58
"VEON",61.9
"VEON",72.1
"VEON",82.7
"VEON",92.8
"VEON",93.82
"VEON",94.8
"VEON",96.9
"VEON",104.9
"VEON",105.8
"VEON",105.9
"VEON",106.5
"VEON",115.41
"VEON",122.8
"VEON",128.1
"VEON",134.4
"VEON",175.6
"WALTON",29.57
"WALTON",35.18
"WALTON",35.97
"WALTON",36.4
"WINTAL",19.4
"YOKOHAMA",20.24
"YOKOHAMA",75.58
"YOKOHAMA",105.75
"YOKOHAMA",148.05
"YOKOHAMA",196.41
"ZEN TV",21.55
"ZEN TV",23.82
"ZEN TV",35.97
